source_file,year,language,registration_number,registration_date,special_marks,stage_number,stage_title,stage_start,stage_end,report_type,performer_name,performer_edrpou,performer_location,performer_ministry,performer_phone,co_performers,customer_name,customer_edrpou,customer_location,customer_ministry,customer_phone,legal_basis,funding_direction,funding_sources,budget_code,funding_amount_kgrn,funding_amount_usd,funding_amount_eur,title_uk,title_en,abstract_uk,abstract_en,udc_index,thematic_codes,pi_name,pi_degree,pi_title,pi_orcid,additional_info,ntp_title_uk,ntp_title_en,ntp_planned,ntp_failure_reasons,ntp_results,ntp_application_field,ntp_card_number,ntp_description,ntp_socioeconomic,ntp_environment,ntp_implementation,ntp_consumers,ntp_markets,ntp_invest_amount_kgrn,ntp_investor_rights,ntp_business_plan,ntp_techno_economic_basis,ntp_sales_amount_kgrn,ntp_payback_years,bibliography,org_head,executors,lang_stage_title,lang_special_marks,lang_report_type,lang_performer_name,lang_performer_location,lang_performer_ministry,lang_co_performers,lang_customer_name,lang_customer_location,lang_customer_ministry,lang_legal_basis,lang_funding_direction,lang_funding_sources,lang_title_uk,lang_title_en,lang_abstract_uk,lang_abstract_en,lang_pi_name,lang_pi_degree,lang_pi_title,lang_additional_info,lang_ntp_title_uk,lang_ntp_title_en,lang_ntp_planned,lang_ntp_failure_reasons,lang_ntp_results,lang_ntp_application_field,lang_ntp_description,lang_ntp_socioeconomic,lang_ntp_environment,lang_ntp_implementation,lang_ntp_consumers,lang_ntp_markets,lang_ntp_investor_rights,lang_ntp_business_plan,lang_ntp_techno_economic_basis,lang_bibliography,lang_org_head,lang_executors
0217U003158_1cbaa4e5609fb6517f54f0ab0c205ada.pdf,2017,uk,0217U003158,20-01-2017,відкрита,1,"Високоінформативна медична діагностика ранніх стадій новоутворень на основі нового 
 тривісьового способу формування картини багатократного розсіяння",03.2015,12.2016,Остаточний звіт,"Інститут металофізики ім. 
 Г.В.Курдюмова НАН України",05417331,,Національна академія наук України,"044-424-10-05, 044-444-25-61",,"Національна академія наук 
 України",00019270,"вул. Володимирська, 54, м. Київ, Київська обл., 01030, Україна",Національна академія наук України,"380442396594, 380442343243","34 - договір (замовлення) з центральним органом виконавчої влади, 
 академією наук (головними розпорядниками бюджетних коштів на проведення НДДКР)",2.2 - прикладні дослідження і розробки,7713 - кошти держбюджету,6541030,513.54,,,"Високоінформативна медична діагностика ранніх стадій новоутворень на основі нового тривісьового 
 способу формування картини багатократного розсіяння","Highly informative medical diagnosis of early stages of tumors based on the new three-axis method of forming 
 multiple scattering patterns","В роботі розроблено теоретичні основи динамічного (багатократного) розсіяння і формування 
 фазоконтрастних зображень некристалічних об'єктів довільної форми. У моделі самоузгоджено враховані 
 аналітично ефекти (багатократності розсіяння як в об'єкті (зокрема, ефекти заломлення, зміни фази хвилі і 
 повороту (рефракції) променів, екстинкції за рахунок розсіяння на неоднорідностях і ін., що не описуються в 
 рамках кінематичної теорії розсіяння), так і в монокристалах монохроматора і аналізатора. Враховано 
 можливість присутності мікродефектів і макродеформацій у кристалах монохроматора і аналізатора, що 
 чинить суттєвий вплив на результати діагностики. Розроблено та реалізовано експериментальну схему 
 формування зображень некристалічних об'єктів та одержано фазоконтрастні зображення модельного 
 некристалічного об'єкту. Розроблено числові алгоритми для розв'язання задачі інтерпретації зображень 
 об'єктів на основі проведеного аналізу можливих і достатніх варіацій фази шляхом перебору комбінацій 
 різних умов експерименту з урахуванням розроблених авторами фазоваріаційних принципів.","It is developed the theoretical basis of dynamic (multiple) scattering and the formation of non-crystalline phase- 
 contrast images of objects of arbitrary shape. In the model, self-consistently considered analytically the effects of 
 multiple scattering in the object (eg, refractive effects, changes in the wave phase and rotation (refraction) ray 
 extinction due to scattering on inhomogeneities et al., which are not described in terms of the kinematic 
 scattering theory), and in single-crystal monochromator and analyzer. It was taken into account the possibility of 
 micro-defects and macrodeformation presence in crystals monochromator and analyzer, which has a significant 
 impact on the diagnostic results. It was developed and implemented an experimental imaging scheme is non- 
 crystalline objects and obtained non-crystalline phase contrast image of the model object. It was developed 
 numerical algorithms for the solution of the problem of interpretation of images of objects on the basis of the 
 analysis of possible and adequate phase variations by trying different combinations of experimental conditions on 
 the basis of principles developed by the authors fazovariatsiynih.","548.571;548.4, 539.26, 548.4",29.19.11,Молодкін Вадим Борисович,,,,,"Спосіб діагностики ранніх стадій новоутворень на основі нового тривісьового 
 способу формування картини багатократного розсіяння","The method for diagnosing early stages of tumors based on the new three-axis 
 method of forming multiple scattering patterns",,,,"М.72.19 - Дослідження й експериментальні розробки у сфері інших природничих і 
 технічних наук",,"В роботі розроблено теоретичні основи динамічного (багатократного) розсіяння і формування 
 фазоконтрастних зображень некристалічних об'єктів довільної форми. У моделі самоузгоджено враховані 
 аналітично ефекти багатократності розсіяння як в об'єкті, так і в монокристалах монохроматора і 
 аналізатора. Враховано можливість присутності мікродефектів і макродеформацій у кристалах 
 монохроматора і аналізатора, що чинить суттєвий вплив на результати діагностики. Розроблено та 
 реалізовано експериментальну схему формування зображень некристалічних об'єктів та одержано 
 фазоконтрастні зображення модельного некристалічного об'єкту.",,,Не впроваджено,"науково-дослідні установи, медичні установи","Україна, країни СНД та зарубіжжя",,,,,,,"1.V. B. Molodkin, G. O. Velikhovskii, S. V. Lizunova et al. // Materials Science and Engineering Technology, 2016, 47, 
 pp.246-253, DOI 10.1002/mawe.201600480. 2.В.Б. Молодкін, В.Ю.Сторіжко, С.В. Лізунова та ін., Наносистеми, 
 наноматеріали, нанотехнології, 2015, 13, №3, с. 469-502. 3.Патент України на винахід №111437, Спосіб фазової 
 рентгенографії некристалічного об'єкта довільних форми і розмірів, 25.04.2016 р. 4.С. В. Лизунова, Б. В. 
 Шелудченко, В. Б. Молодкин и др., Металлофиз.новейшие технол., (у друці).",Івасишин Орест Михайлович,"Василик Я.В.
Дмітрієв С.В.
Заболотний І.М.
Карнаухов І.М.
Кисловський Є.М.
Неклюдов І.М.
Оліховський С.Й.
Скапа Л.М.
Сторіжко В.Ю.
Татаренко В.А.",uk,uk,uk,uk,empty,uk,empty,uk,uk,uk,uk,uk,uk,uk,en,uk,en,uk,empty,empty,empty,uk,en,empty,empty,empty,uk,uk,empty,empty,uk,uk,uk,empty,empty,empty,mixed,uk,uk
0217U003447_e96560b68b0d11e80e48fb30b5f8b01d.pdf,2017,uk,0217U003447,12-04-2017,відкрита,1,Розробка веб-базованих презентацій на підставі офісного пакета,01.2017,02.2017,Остаточний звіт,"Харківський національний 
 економічний університет імені Семена Кузнеця",02071211,,Міністерство освіти і науки України,"(057)7020304, (057)7020670",,"Фізична особа-підприємець 
 Євсєєв Олексій Сергійович",2839212916,", м. Харків, Харківський р-н., Харківська обл., 61166, Україна",,+380677187293,"25 - договір з фізичною особою. Замовником НДР (ДКР) виступає 
 фізична особа, за рахунок коштів якої виконується робота",2.7 - інше,"7704 - власні кошти, кошти підприємств, установ, організацій, фізичної особи на 
 виконання ініціативних робіт",,10,,,Методика розробки веб-базованих презентацій,Methods of developing a web-based presentations,"Створення і застосування веб-базованих презентацій в бізнесі можна з великою упевненістю розглядати, як 
 інноваційну діяльність. Тут заслуговує на увагу два напрями, це просування, продаж товарів і послуг, а також 
 підвищення кваліфікації персоналу підприємств. У сучасних умовах жорсткої конкуренції особливо 
 актуальними питаннями для усіх підприємств стають утримання ринкової ніші, просування товарів і послуг 
 підприємства, залучення нових клієнтів, підвищення конкурентоспроможності. Механізмом діяльності 
 підприємств на ринку є маркетинг і його основний інструмент - реклама. Зараз підприємства все більше 
 матеріальних і інтелектуальних засобів вкладають в розвиток маркетингової і рекламної діяльності. Розвитку 
 рекламної діяльності сприяють Інтернет-технології, які дозволяють ефективно провести рекламну кампанію. 
 Конкурентно здатність самого підприємства сильно залежить від компетентності і якості підготовки 
 персоналу. У цих умовах перед будь-яким підприємством встає питання про навчання персоналу і як 
 наслідок контроль результатів навчання. У роботі показані шляхи вирішення цієї проблеми на основі веб 
 базованих презентацій.","Creation and use of web-based presentations can be in business with great confidence be considered as 
 innovation. There are two noteworthy trends, is to promote the sale of goods and services, as well as staff 
 development companies. In today's highly competitive particularly relevant issues for all enterprises are retaining a 
 niche market, promote products and services to businesses, attracting new customers, increasing 
 competitiveness. The mechanism of activity of the enterprises in the market is marketing and its main tool - 
 advertising. Now businesses are increasingly material and intellectual means to invest in the development of 
 marketing and promotional activities. Development of promotional activities contribute to Internet technologies 
 that allow to advertise effectively. Competitive ability of the enterprise itself is strongly dependent on the 
 competence and quality of training. Under these conditions before any now raises the question of training, and as 
 a consequence of the control of learning outcomes. The paper shows the ways to solve this problem on the basis of 
 web-based presentations.5481","004.7; 004.722, 004.774",50.39,Гаврилов Володимир Петрович,,,,,"Веб-базовані презентації у вигляді рекламних банерів, учбових веб 
 презентацій і онлайн тестів для контролю професійних знань.","Web-based presentations as advertising banners, educational a web presentations 
 and on-line of tests for control of professional knowledge",,,методичне документація,72.2,,"Веб-базовані презентації представляють із себе звичайні презентації підготовлені в програмі 
 PowerPoint і надалі конвертовані за допомогою надбудови PowerPoint у формат, який можна розміщувати в 
 Інтернеті.",,,Впроваджено,великі територіально розподілені підприємства і учбові заклади,сфера реклами і освіти,10,,Ні,Ні,15,1 рік,,Пономаренко Володимир Степанович,"Бріль Тетяна Іванівна
Гаврилов Володимир Петрович",uk,uk,uk,uk,empty,uk,empty,uk,uk,empty,uk,uk,uk,uk,en,uk,en,uk,empty,empty,empty,uk,en,empty,empty,uk,unknown,uk,empty,empty,uk,uk,uk,empty,unknown,unknown,empty,uk,uk
0217U003660_bb41d7ba746e551cbae52d2aaab4f625.pdf,2017,uk,0217U003660,15-06-2017,відкрита,1,Вдосконалення методів розрахунку механічних систем технологічного обладнання,01.2011,12.2015,Остаточний звіт,"Державний вищий 
 навчальний заклад ""Український державний хіміко-технологічний університет""",02070758,,Міністерство освіти і науки України,"(0562)47-33-97, (0562)47-33-16",,"Державний вищий 
 навчальний заклад ""Український державний хіміко-технологічний університет""",02070758,"просп. Гагаріна, 8, м. Дніпро, Дніпропетровський р-н., Дніпропетровська обл., 
 49005, Україна",Міністерство освіти і науки України,"380567462706, 380567462668","43 - власна ініціатива (якщо робота виконується з власної ініціативи за 
 кошти виконавця НДР або безкоштовно)",2.2 - прикладні дослідження і розробки,"7704 - власні кошти, кошти підприємств, установ, організацій, фізичної особи на 
 виконання ініціативних робіт",,5,,,Вдосконалення методів розрахунку механічних систем технологічного обладнання,Improvement of the calculation methods of technological equipment mechanical systems,"Об’єкт дослідження – пружні муфти, дводвигунові приводи барабанних млинів, станини верстатів. Мета 
 роботи – розробка методів розрахунку та математичних моделей механічних систем приводів барабанних 
 млинів, напружено-деформованого стану несучих конструкцій верстатів з метою вдосконалення методів їх 
 розрахунку. Методи досліджень – розрахункові. Вдосконалено методику розрахунку динамічних 
 характеристик гідропневмобалонних муфт. Досліджено статику та динаміку приводів барабанних млинів с 
 двома двигунами. Визначено закономірності розподілення навантаження між двигунами, динаміку пуску та 
 сталого режиму роботи. З використанням методу скінченних елементів досліджено напружено- 
 деформований стан станини каландра та принципи зменшення його металоємності при збереженні несучої 
 здатності. Галузь використання: С 28.1 Виробництво машин і устаткування загального призначення.","Object of research - elastic couplings, two-engine drives of drum mills, columns of machines. The purpose - 
 development of calculation techniques and mathematical models of drum mill drive mechanical system, the stress 
 and strain state of machine constructions for the purpose of improvement of their calculation techniques. 
 Research methods - calculated. The method of calculation of dynamic characteristics of hydropneumatic 
 couplings is improved. The statics and dynamics of drum mill drives with two engines is investigated. Regularities 
 of distribution of loading between engines, dynamics of start-up and the set operating mode are defined. With use 
 of the finite element method the stress and strain state of a calender column and the principles of reduction of its 
 metal consumption at preservation of the bearing ability is investigated. Use area: С 28.1 Production of machines 
 and equipment of general purpose.","539.3, 531.3+539.3+678.05; 621.926.5+533.6.011+539.3",30.19.15,Виноградов Борис Володимирович,,,,,Методика розрахунку динамічних характеристик гідропневмобалонних муфт,Calculation technique of dynamic parameters of hydropneumatic clutches,,,,DK 29.14.0,,"Методика розрахунку гідропневмобалонних муфт дозволяє визначити динамічні і статичні її 
 характеристики, зокрема пружну характеристику та амплітудно-частотну характеристику, для випадків, 
 коли гумокордні оболонки заповнені рідиною і сполучені з гідропневматичним акумулятором, а також коли 
 гумокордні оболонки заповнені повітрям та сполучені з додатковим об’ємом повітря. Методика дозволяє 
 розрахувати нерівномірність розподілу навантаження між двома лініями передач, що містить 
 гідропневмобалонні муфти, які сполучені між собою загальним трубопроводом. Методика також дозволяє 
 визначити шляхи компенсації зміщень у механічній системі, обмеження ударних та резонансних динаміних 
 навантажень.",,,Не впроваджено,підприємства гірничо-видобувної промисловості та енергетики,країни СНД та далекого зарубіжжя,30,,Ні,Ні,60,5 р.,"1. Виноградов, Б.В. Теоретична механіка. Практичні заняття. Електронне тестування. [Текст]. В 2 ч. Ч. 1. / Б.В. 
 Виноградов, С.І. Немчинов. – Дніпропетровськ: ДВНЗ УДХТУ. – 2014. – 398 с.; 2. Виноградов, Б.В.
Механический аналог синхронного двигателя [Текст] / Б.В. Виноградов, Д.О, Федин // Науковий вісник НГУ. 
 – 2012. – № 1. – С. 78-82; 3. Виноградов, Б.В. Статика и динамика приводов барабанних мельниц [Текст] / Б.В. 
 Виноградов // Науковий вісник НГУ. – 2012. – № 2. – С. 75-80; 4. Виноградов, Б.В. Вынужденные колебания 
 двухдвигательных приводов барабанних мельниц [Текст] / Б.В. Виноградов, О.В. Христенко // Науковий 
 вісник НГУ. – 2012. – № 6. - С. 72-77; 5. Виноградов, Б.В. Гидропневмобаллонная упруговязкая система [Текст] 
 / Б.В. Виноградов // Вібрації в техніці та технологіях. – 2011. – №1(61) – С. 15-19; 6. Виноградов Б.В. О 
 динамических характеристиках упруговязких систем с резинокордними елементами [Текст] / Вібрації в 
 техніці та технологіях. – 2011. – №1(61). – С. 20-24; 7. Виноградов, Б.В. Динамические и статические нагрузки в 
 приводах барабанных мельниц [Текст] / Б.В. Виноградов, А.В. Христенко, Д.А. Федин // Горная автоматика и 
 электромеханика. - 2013.- № 91.- С. 81-85; 8. Акт впровадження в навчальний процес ДВНЗ УДХТУ від 21.12.15 
 р.",Харченко Олександр Васильович,"Виноградов Борис Володимирович
Нємчінов Сергій Ілліч
Федін Дмитро Олександрович",uk,uk,uk,uk,empty,uk,empty,uk,uk,uk,uk,uk,uk,uk,en,uk,en,uk,empty,empty,empty,uk,en,empty,empty,empty,unknown,uk,empty,empty,uk,uk,uk,empty,unknown,unknown,uk,uk,uk
0217U001928_8b8f66308ee7c3ad5d1031a5721f0753.pdf,2017,uk,0217U001928,20-10-2017,відкрита,1,Підвищення ефективності і ресурсозбереження дорожньо-будівельних машин,09.2016,08.2017,Остаточний звіт,"Харківський національний 
 автомобільно-дорожній університет",02071168,,Міністерство освіти і науки України,(057) 700-38-76,,"Харківський національний 
 автомобільно-дорожній університет",02071168,"вулиця Ярослава Мудрого, 25, м. Харків, Харківський р-н., Харківська обл., 61025, 
 Україна",Міністерство освіти і науки України,0577003862,"43 - власна ініціатива (якщо робота виконується з власної ініціативи за 
 кошти виконавця НДР або безкоштовно)",2.7 - інше,"7706 - безплатно (договір про науково-технічне співробітництво, тощо)",,,,,Підвищення ефективності і ресурсозбереження дорожньо-будівельних машин,Increase of efficiency and resource saving of road-building machines,"Пропонується підвищення ефективності дорожньо-будівельних машин за рахунок удосконалення 
 конструкцій та енергозбереження",It is proposed to increase the efficiency of road construction machines by improving designs and energy saving,"69.002.5; 625.7.08; 626.8.002.5, 621.878",55.53,Венцель Євген Сергійович,,,,,"Заходи підвищення ефективності будівельних машин удосконаленням 
 гідравлічної системи","Measures to improve the efficiency of construction machines by improving the 
 hydraulic system",,,методика,73.10.2 Дослідження і розробки в галузі технічних наук,,"В роботі застосовувались як теоретичні, так і експериментальні методі досліджень: 
 випробування натурних зразків, теоретичний опис робочих процесів, моделювання діючих навантажень, 
 математичне моделювання роботи автогрейдерів, бульдозерів, скреперів, навантажувачів.",,,Впроваджено,"підприємства України, навчальний процес",підприємства України,,,,,,,,Богомолов Віктор Олександрович,"Єфіменко О.
Іваненко О.
Ковалевський С.
Косолапов В.
Орел О.
Погребняк А.
Пімонов І.
Разарьонов Л.
Супонев В.
Холодов А.
Шевченк В.
Щербак О.
Щукін О.
Ярижко О.",uk,uk,uk,uk,empty,uk,empty,uk,uk,uk,uk,uk,uk,uk,en,uk,en,uk,empty,empty,empty,uk,en,empty,empty,uk,uk,uk,empty,empty,uk,uk,uk,empty,empty,empty,empty,uk,uk
0217U006790_b150a8c54f717b966fee06d0b7e49f6f.pdf,2017,uk,0217U006790,21-12-2017,відкрита,1,"Розробка продуктів і раціонів для харчування військовослужбовців в екстремальних умовах 
 та при проведенні бойових дій з відривом від баз постачання",02.2016,12.2017,Остаточний звіт,"Київський національний 
 торговельно-економічний університет",01566117,,Міністерство освіти і науки України,(044) 544-74-14,,"Міністерство освіти і науки 
 України",38621185,"просп. Перемоги, 10, м. Київ, Київська обл., 01135, Україна",Кабінет Міністрів України,"380444813221, 380444814763","34 - договір (замовлення) з центральним органом виконавчої влади, 
 академією наук (головними розпорядниками бюджетних коштів на проведення НДДКР)",2.2 - прикладні дослідження і розробки,7713 - кошти держбюджету,2201040,420.3,,,"Розробка продуктів і раціонів для харчування військовослужбовців в екстремальних умовах та при 
 проведенні бойових дій з відривом від баз постачання","Product development and food rations for troops in extreme conditions and during the fighting at a distance from 
 supply bases","Наукове дослідження спрямоване на вирішення важливої державної проблеми підвищення боєздатності 
 Збройних Сил України в екстремальних умовах і при проведенні бойових дій з відривом від баз постачання 
 шляхом розроблення харчових продуктів із заданим нутрієнтним складом, об'ємно-ваговими і 
 функціональними характеристиками, які відповідають специфічним вимогам їх споживання. Метою 
 дослідження є розроблення ресурсозберігаючих технологій поліфункціональних білково-вуглеводних 
 напівфабрикатів та харчової продукції з їх використанням для харчування військовослужбовців в 
 екстремальних умовах. У науково-дослідній роботі визначено напрями технологічного використання 
 білоквмісної вітчизняної рибної, молочної, рослинної сировини у виробництві харчових продуктів. На основі 
 обґрунтування концептуальних засад корекції харчування в екстремальних умовах розроблено технології 
 харчової продукції з використанням сухих поліфункціональних білково-вуглеводних напівфабрикатів. 
 Доведено, що розроблені напівфабрикати характеризуються підвищеною харчовою цінністю, мають високу 
 біодоступність білків, а продукти з їх вмістом - високі споживні та якісні характеристики, здатність до 
 швидкого відновлення у рідких середовищах, можливість тривалого зберігання, створення продовольчого 
 резерву. Розроблено технології та рекомендації щодо використання продуктів для нутрітивної підтримки 
 поранених та хворих військовослужбовців на етапах медичної евакуації, ефективність споживання яких 
 доведено в умовах клінічної бази Української військово-медичної академії. Розроблено рекомендації щодо 
 використання у складі раціонів наборів сухих продуктів нової харчової продукції, що сприятиме активізації 
 адаптаційно-захисних систем організму і дозволить цілеспрямовано впливати на процеси пластичного 
 забезпечення..","The scientific research is devoted to the solving an important state problem of increasing the combat capability of 
 the Armed Forces of Ukraine in the extreme conditions and during combat operations at a distance from supply 
 bases by developing food products with a determined nutrient composition, volume-weight and functional 
 indicators that meet the specific requirements of their consumption. The aim of the study is to develop the 
 resource-saving technologies of multifunctional dry fish and plant semi-finished products and food products with 
 their use for military persons in the extreme conditions. There were determined the directions of technological 
 use of protein-based domestic fish, dairy, plant raw materials in the production of special food products. On the 
 basis of the justification of the conceptual principles of nutrition correction in the extreme conditions, the 
 technologies of food products with the use of dry multifunctional protein-carbohydrate semi-finished products 
 have been developed. It is proved that the developed semi-finished products have high nutritional value, high 
 bioavailability of proteins, and products with their content have high consumer and qualitative indicators, the 
 ability to quickly recover in the liquid systems, the possibility of prolonged storage, the creation of a food reserve. 
 There were developed the recommendations on the use of products for nutritional support of wounded and sick 
 military persons during the stages of medical evacuation, the efficiency of which has been proved in the conditions 
 of the clinical basis of the Ukrainian Military Medical Academy. There were developed the recommendations for 
 the use of new food products in the diets of dry food products which may contribute to the activation of the
adaptive-protective systems of the organism and will have a purposeful influence on the processes of plastic 
 provision.5481","642.5, 642.58.057.36",71.33,Притульська Наталія Володимирівна,,,,,"Технологія харчової продукції для харчування військовослужбовців в 
 екстремальних умовах та при проведенні бойових дій з відривом від баз постачання","The technology of food products for military persons in the extreme conditions 
 and during combat operationa at a distance from supply bases",,,,"освіта, харчова промисловість",,"У науково-дослідній роботі обґрунтовано концептуальні засади та напрями аліментарної 
 корекції харчування військовослужбовців, що перебувають в екстремальних умовах, вимоги та критерії 
 створення харчових продуктів для підвищення стійкості організму до оксидантного стресу та еколого- 
 професійного синдрому внаслідок дії комплексу фізичних, психоемоційних і токсичних впливів. Визначено 
 напрями технологічного використання маловживаної білоквмісної вітчизняної рибної, молочної, рослинної 
 сировини у виробництві харчових продуктів для військовослужбовців. Розроблено технологію попередньої 
 підготовки рибо-рослинних фаршів та молочно-рослинних сумішей до сушіння, оптимізовано параметри та 
 режими сушіння, досліджено показники якості і безпечності розроблених напівфабрикатів, визначено умови 
 і терміни їх зберігання. Наукова новизна розробки полягає у застосуванні комплексного підходу до 
 перероблення вітчизняної дрібної рибної сировини (Gobiidae) та вторинних продуктів переробки зернових та 
 олійних культур в одному те",,,Впроваджено,МОН України,"підприємства харчової промисловості, заклади ресторанного господарства",,,,,,,,Мазаракі Анатолій Антонович,"Антюшко Дмитро Петрович
Асланян Сергій Арменакович
Базарова Марина Юріївна
Гніцевич Вікторія Альбертівна
Гончар Юлія Миколаївна
Гуліч Марія Павлівна
Данилюк Інна Петрівна
Карпенко Петро Олександрович
Кочерга Валентина Іванівна
Кошельник Анна Володимирівна
Кравченко Михайло Федорович
Левандовський Леонід Вікторович
Левицькі Станіслава Олегівна
Мотузка Юлія Миколаївна
Мєдвєдєва Анжеліка Олександрівна
Міклашевська Юлія Богданівна
Притульська Наталія Володимирівна
Рибчук Лариса Анатоліївна
Савкевич Аліна Георгіївна
Трунова Валерія Дмитрівна
Федорова Діна Володимирівна
Фіцак Наталія Петрівна
Харчевнікова Дар'я Сергіївна
Хробатенко Олександра Віталіївна
Юдіна Тетяна Іллівна",uk,uk,uk,uk,empty,uk,empty,uk,uk,uk,uk,uk,uk,uk,en,uk,en,uk,empty,empty,empty,uk,en,empty,empty,empty,uk,uk,empty,empty,uk,uk,uk,empty,empty,empty,empty,uk,uk
